Restaurant_Name,Ranking,Price_Range,Cuisine_Type,Menu Items
Café de l'Homme,4.3,51 € et plus,Française,[]
Sacré Frenchy !,4.5,De 31 € à 50 €,Française - Traditionnelle,"['accompanied', 'on', 'jb', 'chef', 'des', 'meal', 'ice', 'burger', 'summer', 'seaweed', 'mango', 'ros', 'rosso', 'toast', 'chestnuts', 'carrot', 'ask', 'marker', 'naughty', 'elbow', 'ribs', 'parsley', 'for', 'fashioned', 'laphroaig', 'lovely', 'grain', 'cucumber', 'mordue', 'caipiroska', 'brioche', 'cardhu', 'roast', 'jerry', 'old', 'tartare', 'lettuce', 'in', 'truffle', 'infused', 'royal', 'your', 'and', 'selection', 'rosemary', 'bndictine', 'spumante', 'saint', 'fruits', 'elderflower', 'hour', 'pastis', 'au', 'chivas', 'xo', 'berry', 'grand', 'pineapple', 'sour', 'le', 'citrus', 'yoghurt', 'lime', 'diplomatico', 'daily', 'aprol', 'quinoa', 'orange', 'baileys', 'liqueur', 'potaufeu', 'salad', 'dictator', 'side', 'walnut', 'wakeup', 'james', 'from', 'sailor', 'jack', 'beerla', 'cherry', 'indulgence', 'limecrusted', 'way', 'hardboiled', 'share', 'soda', 'melifera', 'mescal', 'scoop', 'goat', 'fleur', 'dish', 'filled', 'butcher', 'mariner', 'to', 'pork', 'de', 'mushrooms', 'subite', 'champagne', 'vegetable', 'candied', 'ambre', 'kiwi', 'all', 'up', 'grey', 'mushroom', 'sugarcane', 'proustian', 'moscow', 'espresso', 'dry', 'creams', 'mustard', 'cream', 'garlic', 'or', 'brisure', 'vie', 'goose', 'blonde', 'figs', 'frenchy', 'veal', 'marieantoinettes', 'heineken', 'dressing', 'napoleon', 'call', 'ale', 'perfectly', 'nikka', 'aop', 'beefeater', 'sel', 'but', 'onion', 'chips', 'zucchini', 'memory', 'reimagined', 'vegan', 'patron', 'napolon', 'revolutionary', 'the', 'eggs', 'pear', 'club', 'sugar', 'leeks', 'prat', 'cinzano', 'our', 'daniels', 'tuna', 'diplomat', 'spinach', 'homemade', 'mule', 'shoots', 'campari', 'enfants', 'a', 'mark', 'mesclun', 'salt', 'haig', 'lemon', 'flakes', 'monseigneur', 'of', 'home', 'lamb', 'ginger', 'origin', 'get', 'madeleine', 'bitters', 'mojito', 'detox', 'squash', 'cocktails', 'cider', 'childhood', 'platter', 'west', 'desperados', 'san', 'apple', 'glendfidish', 'fayette', 'gin', 'france', 'zubrowka', 'caesar', 'carefully', 'red', 'sans', 'garnish', 'white', 'mint', 'carrots', 'romaine', 'martini', 'made', 'lemoninfused', 'pistachio', 'rousseau', 'bone', 'hennessy', 'server', 'servings', 'scallop', 'chefs', 'millefeuille', 'gordons', 'friday', 'corona', 'with', 'breast', 'eggplant', 'jos', 'filet', 'tonic', 'lager', 'nori', 'layed', 'lemony', 'tea', 'yogurt', 'london', 'vierge', 'tomatoes', 'baby', 'havana', 'happy', 'carabes', 'moment', 'cheese', 'chartreuse', 'malo', 'served', 'chocolate', 'duck', 'one', 'prosecco', 'lagavulin', 'rice', 'strawberry', 'option', 'charolais', 'angostura', 'chicken', 'seasonal', 'crumble', 'south', 'bourbon', 'rum', 'super', 'marrow', 'southwest', 'mayonnaise', 'eau', 'puree', 'beef', 'gras', 'organic', 'gratin', 'vinaigrette', 'pastries', 'sacred', 'pastry', 'angus', 'amaretto', 'shoulder', 'xxl', 'monkey', 'jameson', 'grapa', 'stuffed', 'slices', 'raspberry', 'vodka', 'grandmothers', 'sacr', 'cointreau', 'fruit', 'fig', 'beets', 'verte', 'rib', 'cheeses', 'ham', 'classic', 'sesame', 'soup', 'crme', 'whisky', 'cuisine', 'cl', 'roasted', 'brle', 'bombay', 'people', 'rivires', 'shavings', 'clan', 'casserole', 'sauce', 'monday', 'papa', 'g', 'spit', 'la', 'whole', 'mashed', 'vsop', 'honey', 'lillet', 'pepper', 'greens', 'noilly', 'macaron', 'mort', 'foie', 'comt', 'vegetarian', 'peppers', 'smoked', 'spritz', 'salmon', 'selected', 'ricard', 'jam', 'passion', 'miniature', 'oat', 'pasta', 'profiterole', 'armagnac', 'syrup', 'sorbets', 'sorbet', 'even', 'fries', 'bourguignon', 'kir', 'vanilla', 'nice', 'peel', 'snails', 'hens', 'mignon', 'bianco', 'timeless', 'beer', 'secret', 'warm', 'silver', 'breaded', 'girl', 'pm', 'hendriks', 'blanquette', 'gourmand', 'coffee', 'water', 'martin', 'zaccapa', 'potatoes', 'monaco', 'wine', 'halloumi', 'delicious', 'basil', 'negroni', 'available', 'grilled', 'meringue', 'crushed', 'avocado', 'tenderloin', 'ripe', 'don', 'caf', 'beeripa', 'egg', 'st', 'vermouth', 'hazelnuts', 'sparkling', 'anchor', 'remy', 'fresh', 'brown', 'gts', 'kailua', 'french', 'blanc', 'choux', 'parmesan', 'andor', 'juice', 'cut', 'chablis', 'more', 'tartar', 'belvedere', 'end', 'xl', 'burgundy', 'by', 'historical', 'cuba']"
Tracé,4.9,51 € et plus,Française contemporaine,[]
"Nellu, Food and Wine Bar",4.8,51 € et plus,Bar à Vin,[]
L'Empire du 8ème,4.6,De 31 € à 50 €,Française,"['accompanied', 'sauteed', 'on', 'beefsteak', 'sauce', 'octopus', 'prime', 'basmati', 'ice', 'scoop', 'mashed', 'to', 'pieces', 'braised', 'with', 'mushrooms', 'cutlet', 'heirloom', 'sole', 'provence', 'choice', 'pappardelle', 'wilted', 'sauces', 'bream', 'style', 'heart', 'roquefort', 'cooked', 'balsamic', 'fillet', 'cream', 'or', 'mash', 'passion', 'sucrine', 'sea', 'tataki', 'served', 'chocolate', 'asparagus', 'tries', 'rice', 'veal', 'risotto', 'chicken', 'tartare', 'sorbet', 'lettuce', 'in', 'fries', 'griddle', 'butter', 'exotic', 'empire', 'seasonal', 'gourmet', 'burrata', 'vanilla', 'truffle', 'snails', 'dover', 'supreme', 'your', 'and', 'cookie', 'steak', 'beef', 'prawns', 'fruits', 'the', 'melon', 'tomato', 'coffee', 'board', 'cake', 'pizza', 'potatoes', 'barnaise', 'tha', 'marinade', 'creamy', 'tuna', 'spinach', 'homemade', 'ends', 'a', 'handchopped', 'grilled', 'pineapple', 'posta', 'avocado', 'lava', 'citrus', 'large', 'curry', 'of', 'lamb', 'x', 'stuffed', 'fresh', 'fruit', 'ceviche', 'serrano', 'salad', 'side', 'gr', 'mediterraneanstyle', 'rib', 'cod', 'sharing', 'meunire', 'assorted', 'ham', 'vegetables', 'platter', 'teriyaki', 'serves', 'carpaccio', 'kg', 'shank', 'coulis', 'profiteroles', 'softbaked', 'seared', 'burgundy', 'by', 'white', 'broccoli']"
Restaurant Market By Chef Jean Georges,4.6,De 31 € à 50 €,Française,"['roll', 'fondue', 'sauce', 'herbs', 'ice', 'jacqueline', 'sushi', 'reserve', 'menu', 'crispy', 'caramel', 'with', 'mushrooms', 'toast', 'vendange', 'crumbs', 'pairing', 'champagne', 'billecartsalmon', 'gewurztraminer', 'december', 'pez', 'saintestphe', 'turbot', 'foie', 'maxime', 'choice', 'flower', 'gorgonzola', 'salmon', 'beyer', 'diver', 'chanterelle', 'mustard', 'cheese', 'cream', 'herb', 'spicy', 'ricotta', 'passion', 'parsnips', 'chocolate', 'praline', 'stephane', 'caviar', 'crab', 'appetizer', 'montez', 'satay', 'miso', 'chicken', 'tartare', 'domaine', 'butter', 'vanilla', 'truffle', 'laroche', 'and', 'puree', 'warm', 'beef', 'gras', 'saint', 'fontina', 'tomato', 'scallops', 'martin', 'cake', 'pizza', 'potatoes', 'organic', 'sprouts', 'moret', 'tuna', 'marinade', 'wine', 'david', 'samosa', 'tardive', 'basil', 'vinaigrette', 'black', 'romain', 'nd', 'avocado', 'citrus', 'tenderloin', 'of', 'cabbage', 'toasted', 'sourdough', 'egg', 'ginger', 'leon', 'hazelnut', 'dill', 'fruit', 'salad', 'brut', 'papillote', 'brussels', 'radish', 'plate', 'joseph', 'chablis', 'ravioli', 'dessert', 'escarole', 'entree', 'sunday', 'roasted', 'smooth', 'shrimp', 'appleceleriac']"
Le Replat de Montmartre,4.6,30 € ou moins,Européenne,"['sage', 'sauce', 'ice', 'fish', 'belle', 'three', 'la', 'trio', 'mashed', 'menu', 'pumpkin', 'crispy', 'potato', 'pork', 'de', 'with', 'mushrooms', 'pistache', 'olron', 'charcuterie', 'foie', 'terrine', 'aveyronnais', 'dcembre', 'beetroots', 'cream', 'cheese', 'chocolate', 'duck', 'anglaise', 'jambon', 'trout', 'chicken', 'reblochoncheese', 'fines', 'hlne', 'brule', 'cocotte', 'vanilla', 'butternut', 'and', 'saucisson', 'fromages', 'selection', 'beef', 'gras', 'fricassee', 'confit', 'croutons', 'eggs', 'pear', 'our', 'wine', 'wagyu', 'homemade', 'gratin', 'cauliflowers', 'cecina', 'claires', 'black', 'meringue', 'le', 'angus', 'n', 'cabbage', 'pays', 'velout', 'shepherds', 'cod', 'pie', 'from', 'soup', 'crme', 'crozetpasta', 'girolles', 'gravlax', 'roasted', 'oysters', 'white', 'flottante']"
Pamela Popo,4.8,51 € et plus,Française,"['devilled', 'sauce', 'herbs', 'pickles', 'bone', 'la', 'seeds', 'peanut', 'grandma', 'mashed', 'mango', 'pumpkin', 'sweet', 'crispy', 'de', 'dried', 'braised', 'with', 'cheesecake', 'filet', 'pepper', 'ribeye', 'bouillon', 'tart', 'foie', 'local', 'for', 'smoked', 'truffled', 'bearnaise', 'provenale', 'baby', 'tomatoes', 'salmon', 'style', 'pokcho', 'roquefort', 'sauted', 'cheese', 'cream', 'mash', 'passion', 'chocolate', 'duck', 'figs', 'rice', 'satay', 'miso', 'chicken', 'nuts', 'chimichurri', 'butter', 'bourguignon', 'brule', 'pecan', 'pavlova', 'salata', 'cheek', 'green', 'truffle', 'snails', 'butternut', 'supreme', 'micuit', 'marrow', 'mayonnaise', 'and', 'mascarpone', 'steak', 'beef', 'gras', 'chutney', 'fruits', 'peanuts', 'eggs', 'pear', 'farm', 'houmous', 'potatoes', 'creme', 'igp', 'homemade', 'basil', 'a', 'cecina', 'chateaubriand', 'aberdeen', 'pineapple', 'len', 'crushed', 'sour', 'lemon', 'tarama', 'pefumed', 'tenderloin', 'angus', 'ginger', 'endive', 'oil', 'orange', 'gnocchi', 'blossom', 'tropical', 'lemongrass', 'dill', 'fruit', 'serrano', 'salad', 'cod', 'ham', 'platter', 'soup', 'apple', 'parmesan', 'perfumed', 'minced', 'coconut', 'red', 'roasted', 'gouda', 'saintmarcellin', 'timut', 'pine']"
Restaurant Assanabel Saint-Germain-des-Prés - Cuisine libanaise,4.8,30 € ou moins,Libanaise,[]
Le Choupinet,4.3,De 31 € à 50 €,Française,[]
Restaurant Kunitoraya,,51 € et plus,Japonaise,[]
Bloom Sushi Batignolles,4.5,30 € ou moins,Japonaise,"['fois', 'tomates', 'sel', 'roll', 'vgtal', 'dalgues', 'sches', 'et', 'figues', 'sauce', 'une', 'sur', 'california', 'betterave', 'accompagn', 'dakon', 'la', 'compos', 'coupe', 'gras', 'crevettes', 'vgtales', 'vgtale', 'sak', 'croustillants', 'kimchi', 'perles', 'damandes', 'dune', 'fum', 'ou', 'au', 'mer', 'crunch', 'de', 'lit', 'assiette', 'crme', 'champignons', 'futo', 'un', 'truffe', 'pcs', 'champagne', 'saumon', 'gyozas', 'ptissire', 'dedamame', 'bche', 'p', 'confiture', 'tartare', 'gurande', 'maki', 'yuzu', 'tarama', 'spring', 'mr']"
Neni Paris,4.5,30 € ou moins,Israelienne,"['choix', 'enfant', 'les', 'aux', 'rouge', 'la', 'pancake', 'personne', 'ou', 'desserts', 'de', 'faon', 'toast', 'gaufre', 'pamplemousse', 'boisson', 'pain', 'charcuterie', 'comt', 'dorange', 'nature', 'demande', 'pourra', 'rosette', 'houmouset', 'soupe', 'bacon', 'proposs', 'uf', 'graines', 'deux', 'tre', 'jambon', 'neni', 'chaude', 'mezze', 'carte', 'miel', 'brouill', 'amens', 'et', 'une', 'fromages', 'tartiner', 'changer', 'fruits', 'anim', 'yaourt', 'sandwich', 'mortadelle', 'au', 'muffin', 'croissant', 'un', 'jus', 'duf', 'stand', 'types', 'chocolat', 'toasts', 'labneh', 'le', 'type', 'emmental', 'amen', 'baguette', 'minute', 'brie', 'fruit', 'salades', 'seront', 'pate', 'confitures', 'saumon', 'frache', 'dessert', 'boulangerie', 'bleu', 'par', 'nos', 'crales', 'autre', 'cuisiniers', 'lun', 'plat']"
DROUANT,4.6,51 € et plus,Française,"['orange', 'rosette', 'velout', 'and', 'sauce', 'blood', 'gras', 'gray', 'lobster', 'fillet', 'jelly', 'crispy', 'ros', 'served', 'potatoes', 'parisianstyle', 'person', 'veal', 'pomegranate', 'in', 'rose', 'artichoke', 'courses', 'per', 'shrimp', 'foie', 'amusebouches', 'celeriac', 'truffle', 'truffled', 'saffron', 'melanosporum']"
VERDE BY YEEELS,4.3,51 € et plus,Européenne contemporaine,"['tartufo', 'choron', 'puristes', 'fta', 'amoplate', 'des', 'sauce', 'ecaille', 'ala', 'rouge', 'les', 'la', 'aux', 'plus', 'tarte', 'avoisine', 'croustillants', 'vous', 'dietetique', 'excellence', 'coco', 'lintemporel', 'jaunes', 'l', 'de', 'pour', 'ibrique', 'pistache', 'al', 'tide', 'strozzapreti', 'authentique', 'repute', 'tiques', 'vitello', 'rape', 'non', 'fumee', 'piemantais', 'langoustines', 'beurre', 'potager', 'quartier', 'condiment', 'chorizo', 'mi', 'dons', 'charnue', 'vierge', 'partager', 'turbotin', 'parfume', 'personnes', 'serieux', 'snackes', 'originalite', 'mousse', 'perdue', 'moment', 'sa', 'dautamne', 'ricotta', 'baeuf', 'sucrine', 'emile', 'deux', 'pav', 'cuit', 'assiette', 'champignons', 'safran', 'caviar', 'gingembre', 'truffe', 'jambon', 'coquelet', 'brioche', 'uniquement', 'tiramisu', 'clients', 'regions', 'risotto', 'noires', 'sorbets', 'delicat', 'horticole', 'noisettes', 'partie', 'savaureux', 'riquette', 'boeuf', 'pavlova', 'verde', 'part', 'glaces', 'tendre', 'chatouillard', 'servi', 'lexcellece', 'onctueux', 'present', 'pol', 'poulpe', 'grill', 'lait', 'cappuccino', 'chateaubriant', 'chips', 'typiquement', 'et', 'salade', 'frais', 'une', 'exotique', 'feu', 'baerii', 'marinire', 'tonnato', 'accompagnements', 'si', 'ail', 'recette', 'saint', 'signature', 'thon', 'veau', 'marin', 'agneau', 'pates', 'aromatises', 'acidulee', 'plaisir', 'cabillaud', 'plancha', 'heritage', 'au', 'torrfies', 'pizza', 'souhaitez', 'houmous', 'truffes', 'bar', 'rotie', 'en', 'cote', 'un', 'chair', 'unique', 'jus', 'croustillant', 'charbon', 'main', 'parfum', 'anguille', 'a', 'vinaigrette', 'sauts', 'mulsion', 'chocolat', 'grand', 'frites', 'recherchee', 'feistif', 'lgumes', 'le', 'mamier', 'approche', 'oeuf', 'pousses', 'four', 'gastranames', 'palourdes', 'xrs', 'simple', 'du', 'olives', 'capres', 'saveurs', 'ceviche', 'rpes', 'bois', 'v', 'ravioles', 'ferias', 'francaise', 'yeeels', 'verte', 'padron', 'rouless', 'grille', 'citron', 'delicieusement', 'leger', 'fenouil', 'betteraves', 'pommes', 'ragout', 'plate', 'crme', 'pure', 'pomme', 'parmesan', 'gremolata', 'ouvert', 'saumon', 'ramagne', 'dans', 'dessert', 'jacques', 'vertes', 'qui', 'pic', 'sambardier', 'basilic', 'deicat', 'par', 'comme', 'terre', 'authen', 'thibault', 'd', 'flambee', 'paleron', 'noix', 'plat']"
Hard Rock Cafe - Paris,4.2,30 € ou moins,Américaine,"['on', 'sprinkles', 'hint', 'mediumwell', 'ice', 'pickles', 'beyond', 'tortillas', 'burger', 'fourcheese', 'fajitaspiced', 'mango', 'miniburgers', 'crispy', 'chargrilled', 'slaw', 'norwegian', 'spiked', 'burgers', 'york', 'diablo', 'beverages', 'chilled', 'plantbased', 'ask', 'tai', 'ribs', 'choice', 'whites', 'for', 'fashioned', 'are', 'flavours', 'originating', 'sprite', 'electric', 'muddled', 'julienned', 'an', 'will', 'bacon', 'cucumber', 'loaded', 'cheeseburger', 'originally', 'hug', 'may', 'mama', 'brioche', 'beverage', 'extra', 'flavors', 'sliced', 'old', 'jerry', 'lettuce', 'in', 'either', 'madagascar', 'caffe', 'juniper', 'long', 'your', 'and', 'selection', 'azzurro', 'margarita', 'signature', 'elderflower', 'croutons', 'onions', 'spice', 'housemade', 'thighs', 'creme', 'perfection', 'smith', 'bun', 'roma', 'hurricane', 'iced', 'ranchstyle', 'pineapple', 'moving', 'tangy', 'bbq', 'bruschetta', 'sour', 'fevertree', 'marinated', 'lime', 'bean', 'strip', 'simple', 'doctor', 'quinoa', 'orange', 'baileys', 'caribbean', 'ketel', 'liqueur', 'cold', 'whiskey', 'salad', 'side', 'add', 'rich', 'from', 'vegetables', 'amongst', 'sailor', 'jack', 'cuatro', 'allamerican', 'cherry', 'mixed', 'mac', 'forktender', 'alcohol', 'dirty', 'invented', 'shrimp', 'southwestern', 'captain', 'riserva', 'favourite', 'fajitas', 'soda', 'boneless', 'sauteed', 'purple', 'haze', 'this', 'cuervo', 'cowboy', 'strawberries', 'nastro', 'savoury', 'guacamole', 'bahama', 'sweet', 'fudge', 'veggie', 'granny', 'to', 'glazed', 'pork', 'de', 'cheesecake', 'mushrooms', 'sapphire', 'true', 'finished', 'collectible', 'grated', 'surf', 'ribeye', 'match', 'mangos', 'shrimptm', 'all', 'crisps', 'coleslaw', 'country', 'rim', 'mushroom', 'curacao', 'bangkok', 'velvety', 'night', 'espresso', 'bulleit', 'dry', 'chambord', 'dark', 'balsamic', 'texmexstyle', 'mustard', 'cream', 'ranch', 'or', 'monterey', 'heaven', 'rhythm', 'selections', 'lemonlime', 'apples', 'diet', 'jose', 'dressing', 'vinegar', 'romano', 'bread', 'pickled', 'upgrade', 'beefeater', 'onion', 'chips', 'tennessee', 'applewood', 'the', 'club', 'sugar', 'over', 'grappa', 'duo', 'celery', 'comfort', 'ramen', 'our', 'daniels', 'traditional', 'peroni', 'kahlua', 'handmade', 'artisan', 'homemade', 'bowl', 'mule', 'jumbo', 'be', 'baked', 'a', 'corretto', 'tango', 'bottles', 'southern', 'of', 'cabbage', 'started', 'home', 'ginger', 'melted', 'layered', 'bitters', 'mojito', 'vintage', 'tropical', 'legendary', 'brownie', 'tortilla', 'please', 'additional', 'cazadores', 'is', 'gt', 'decker', 'apple', 'coke', 'nyc', 'plank', 'mountains', 'gin', 'coconut', 'caesar', 'choose', 'rose', 'red', 'topped', 'garnish', 'medicinal', 'mint', 'basted', 'carrots', 'romaine', 'martini', 'grapefruit', 'made', 'cavatappi', 'perfect', 'it', 'server', 'rockin', 'free', 'superior', 'buns', 'caramel', 'stacked', 'sailors', 'with', 'breast', 'mug', 'nectar', 'drink', 'whipped', 'mangoberry', 'tonic', 'beans', 'local', 'spin', 'tenders', 'splash', 'glass', 'tea', 'blackberries', 'you', 'oldfashioned', 'guava', 'thick', 'banana', 'zero', 'scallions', 'squeeze', 'slowcooked', 'brined', 'baby', 'big', 'tomatoes', 'famous', 'two', 'cheese', 'specialties', 'herb', 'spicy', 'then', 'irish', 'served', 'chocolate', 'favorite', 'noodle', 'one', 'tequila', 'strawberry', 'chicken', 'house', 'until', 'crisp', 'substitute', 'gran', 'double', 'green', 'pulled', 'slowroasted', 'frothy', 'absolut', 'cobbler', 'bourbon', 'rum', 'seasoned', 'smokehouse', 'mayonnaise', 'leaf', 'ultimate', 'ordered', 'combo', 'pico', 'tomato', 'houseinfused', 'sandwich', 'antica', 'glaze', 'twisted', 'shoestring', 'tossed', 'blackberry', 'patty', 'yellow', 'vinaigrette', 'shaken', 'turf', 'black', 'anejo', 'shaved', 'nystyle', 'rock', 'amaretto', 'kiss', 'toasted', 'wedge', 'jameson', 'vineripened', 'draught', 'jazz', 'down', 'smirnoff', 'island', 'slices', 'raspberry', 'vodka', 'olives', 'fruit', 'cost', 'combination', 'cointreau', 'half', 'just', 'cheddar', 'agave', 'premium', 'version', 'classic', 'cosmopolitan', 'garnished', 'whisky', 'mix', 'edition', 'back', 'cocktail', 'seared', 'roasted', 'still', 'little', 'bombay', 'noodles', 'sesamesoy', 'titos', 'blend', 'sauce', 'three', 'g', 'orleans', 'tupelo', 'american', 'original', 'barbecue', 'fanta', 'smashed', 'mashed', 'sambuca', 'honey', 'what', 'refreshing', 'tell', 'malibu', 'bacardi', 'greens', 'bed', 'blues', 'wings', 'hot', 'tiki', 'swiss', 'berries', 'peppers', 'smoked', 'lemonade', 'salmon', 'california', 'bagkok', 'style', 'cooler', 'purposes', 'ring', 'blue', 'nachos', 'passion', 'pitted', 'tribute', 'cocacola', 'pasta', 's', 'gallo', 'morgan', 'syrup', 'treasured', 'fries', 'butter', 'mai', 'includes', 'sugarfree', 'vanilla', 'stack', 'jalapenos', 'rita', 'diced', 'beer', 'steak', 'warm', 'silver', 'coffee', 'water', 'buffalo', 'fried', 'potatoes', 'tower', 'pint', 'bull', 'creamy', 'wine', 'basil', 'handpulled', 'floater', 'available', 'cranberry', 'grilled', 'grenadine', 'spiced', 'golden', 'buttermilkmarinated', 'edamame', 'cedar', 'crumbles', 'n', 'hendricks', 'enjoy', 'egg', 'vermouth', 'paloma', 'milkshakes', 'sparkling', 'corn', 'fresh', 'olive', 'oz', 'juices', 'smoky', 'brown', 'float', 'energy', 'blended', 'sangria', 'that', 'kuyper', 'parmesan', 'juice', 'more', 'mexican', 'monin', 'brewed', 'dinerstyle', 'manhattan', 'new', 'sliders']"
Mamamia,4.2,51 € et plus,Italienne,"['tomates', 'tartufo', 'coriandre', 'litalienne', 'on', 'coulant', 'ossetra', 'cosa', 'grissini', 'beignet', 'pistachio', 'octopus', 'nacres', 'lard', 'straciatella', 'dorade', 'almonds', 'prawnfish', 'bone', 'aux', 'laime', 'la', 'italian', 'nostra', 'carbonara', 'mafaldine', 'whole', 'confits', 'assortment', 'arugula', 'pizzetta', 'limone', 'de', 'prosciutto', 'rosso', 'with', 'rigatoni', 'toast', 'cutlet', 'candied', 'pistache', 'italiens', 'pain', 'calamars', 'tide', 'entrecte', 'pimont', 'vitello', 'rolled', 'langoustines', 't', 'smoked', 'bucatini', 'assortiments', 'linguine', 'lemons', 'oscietra', 'baby', 'tomatoes', 'bream', 'bresaola', 'entier', 'mousse', 'heart', 'cooked', 'bass', 'crmone', 'bolognese', 'blue', 'mustard', 'sa', 'cream', 'its', 'ssame', 'sea', 'chocolate', 'oscitre', 'cuit', 'praline', 'safran', 'caviar', 'coeur', 'truffe', 'coquelet', 'tiramisu', 'veal', 'aubergine', 'risotto', 'chicken', 'gante', 'piemontese', 'truff', 'bottarga', 'in', 'wheel', 'noisettes', 'yuzu', 'moutarde', 'boeuf', 'aromates', 'burrata', 'crumble', 'truffle', 'fritter', 'poutargue', 'piedmont', 'pearly', 'poulpe', 'grill', 'polenta', 'and', 'crudo', 'et', 'mascarpone', 'tonnato', 'burratina', 'escalope', 'fromages', 'herbs', 'crmeux', 'steak', 'beef', 'warm', 'lobster', 'veau', 'fruits', 'marin', 'coriander', 'focaccia', 'coffee', 'mortadelle', 'torrfies', 'au', 'pizza', 'bar', 'damalfi', 'potatoes', 'en', 'glace', 'creamy', 'norma', 'generous', 'stracciatella', 'jus', 'basil', 'agrumes', 'milanaise', 'gratin', 'homard', 'cremona', 'chocolat', 'baked', 'rtie', 'giant', 'grilled', 'black', 'marines', 'lgumes', 'lemon', 'tarama', 'ice', 'supp', 'gambero', 'angus', 'citrus', 'pralin', 'pandoro', 'of', 'alla', 'meule', 'four', 'caf', 'trottole', 'marinated', 'raw', 'lamb', 'hazelnuts', 'calamari', 'hazelnut', 'amalfi', 'opera', 'croute', 'du', 'roule', 'minute', 'corn', 'fiorentina', 'vongole', 'flowing', 'canon', 'ravioles', 'beets', 'perdu', 'gr', 'rib', 'amarena', 'citron', 'sorrel', 'cheeses', 'crust', 'prestige', 'royale', 'fum', 'pistaches', 'vegetables', 'sesame', 'pommes', 'betteraves', 'french', 'surprise', 'amandes', 'matured', 'crme', 'carpaccio', 'juice', 'dagneau', 'pesto', 'langoustine', 'pecorino', 'dans', 'ravioli', 'generosa', 'roquette', 'basilic', 'mais', 'oseille', 'bleu', 'matur', 'daubergine', 'comme', 'roasted', 'polen', 'mortadella', 'arancini', 'saffron', 'entire']"
Bloom Sushi Wagram,4.7,De 31 € à 50 €,Japonaise,[]
L'Alsace,4,30 € ou moins,Française,"['coriandre', 'escargots', 'morilles', 'haddock', 'vapeur', 'degustation', 'marinieres', 'tourteau', 'creuses', 'sauce', 'limperatrice', 'choix', 'dupuch', 'guanaja', 'poire', 'fish', 'belle', 'g', 'rouge', 'aux', 'la', 'les', 'raisins', 'tarte', 'canard', 'vanille', 'assortiment', 'bretagne', 'dete', 'cafe', 'ou', 'caramel', 'decosse', 'sont', 'de', 'riesling', 'moelleux', 'huitres', 'champagne', 'roti', 'persille', 'pamplemousse', 'pistache', 'epinards', 'gewurztraminer', 'filet', 'glacee', 'flambe', 'saucisse', 'saintjacques', 'clams', 'bouillon', 'porc', 'grenade', 'alsace', 'sole', 'fumee', 'tardives', 'terrine', 'foie', 'langoustines', 'beurre', 'lardons', 'fouettee', 'francais', 'grosses', 'crustaces', 'dhuitres', 'normandie', 'fumes', 'braise', 'bearnaise', 'lorentz', 'cadoret', 'fromage', 'moules', 'dauphine', 'avocat', 'echine', 'entier', 'gratinee', 'poche', 'soupe', 'boules', 'mangue', 'buf', 'uf', 'graines', 'accompagnees', 'cornichons', 'crepes', 'deux', 'mer', 'race', 'sarladaises', 'choucroute', 'verre', 'gambas', 'roses', 'champignons', 'fraiche', 'truffe', 'normande', 'graisse', 'campagne', 'kouglof', 'strasbourgeoise', 'arrosee', 'risotto', 'tartare', 'sorbets', 'sorbet', 'fines', 'loignon', 'gratinees', 'env', 'rhum', 'aneth', 'knack', 'mirabelle', 'liegeois', 'moutarde', 'pecan', 'laneth', 'grenaille', 'emulsion', 'cocotte', 'ile', 'pleurotes', 'cotes', 'crumble', 'raifort', 'souffle', 'hareng', 'aop', 'selon', 'jarret', 'glacees', 'blanche', 'tatihou', 'bourgogne', 'sel', 'meuniere', 'supreme', 'boulanger', 'micuit', 'tradition', 'cumin', 'royal', 'chips', 'salade', 'et', 'and', 'cuits', 'gillardeau', 'label', 'escalope', 'puree', 'merlan', 'charentemaritime', 'signature', 'gras', 'coupe', 'chutney', 'veau', 'fricassee', 'arrivage', 'dalsace', 'the', 'sale', 'gourmand', 'chou', 'vin', 'flambees', 'blini', 'cordon', 'au', 'h', 'cremant', 'genievre', 'bar', 'tiedes', 'creme', 'claire', 'en', 'glace', 'roties', 'cote', 'un', 'saintvaast', 'bourbon', 'artisan', 'david', 'entrecote', 'oignons', 'plates', 'homard', 'a', 'raclette', 'chateaubriand', 'chocolat', 'vinaigrette', 'grand', 'gros', 'frites', 'pave', 'meringuee', 'gribiche', 'mesclun', 'parisienne', 'brulee', 'notre', 'flottante', 'n', 'cremes', 'emmental', 'canadien', 'confite', 'meule', 'gustave', 'dagrumes', 'palourdes', 'lecailler', 'vignots', 'grillees', 'du', 'grillee', 'flammekueches', 'est', 'poivre', 'chaud', 'coquillages', 'marnier', 'mariniere', 'ravioles', 'saumons', 'crevettes', 'eric', 'macaroni', 'belon', 'grille', 'bulots', 'citron', 'facon', 'prestige', 'strudel', 'maison', 'royale', 'mollet', 'pistaches', 'cremeux', 'sirop', 'pommes', 'blanc', 'amandes', 'bellehelene', 'parmesan', 'mirabelles', 'saumon', 'thym', 'grises', 'piece', 'dagneau', 'vendanges', 'dans', 'cuisine', 'cl', 'profiteroles', 'baba', 'kayser', 'bassin', 'volaille', 'paris', 'bordelaise', 'cocktail', 'moyennes', 'jc', 'terre', 'cassis', 'darcachon', 'clam', 'noix', 'speciales', 'froid', 'fume', 'poitrine', 'joel', 'rillettes']"
LES PIÉTONS,3,51 € et plus,Espagnole,[]
Restaurant Assanabel République - Cuisine libanaise,4.5,De 31 € à 50 €,Libanaise,[]
Bustronome Paris,4.9,51 € et plus,Européenne contemporaine,[]
Inavoué,4.3,30 € ou moins,Française,"['tricolored', 'beautiful', 'meal', 'sauce', 'pickles', 'it', 'whole', 'freshness', 'veggie', 'best', 'to', 'caramel', 'pork', 'sexy', 'with', 'equals', 'eggplant', 'candied', 'carrot', 'brothers', 'savor', 'all', 'hot', 'touch', 'killer', 'mouthwatering', 'crunchy', 'addictive', 'tang', 'japanese', 'finger', 'tomatoes', 'fennel', 'famous', 'sashimi', 'salmon', 'cucumber', 'mustard', 'market', 'its', 'passion', 'based', 'soy', 'tataki', 'chocolate', 'maximum', 'one', 'beetroot', 'accras', 'dog', 'aubergine', 'chicken', 'in', 'atlas', 'pavlova', 'pulled', 'burrata', 'truffle', 'croquettes', 'di', 'mayonnaise', 'and', 'milk', 'gua', 'zucchini', 'beef', 'cauliflower', 'incredible', 'peanuts', 'coriander', 'the', 'club', 'onions', 'duo', 'fried', 'dome', 'delightfully', 'dumplings', 'yes', 'korean', 'bowl', 'yellow', 'plates', 'sausage', 'a', 'grilled', 'black', 'meringue', 'shaved', 'lemon', 'haig', 'of', 'marinated', 'oil', 'simple', 'raspberry', 'x', 'yet', 'elcair', 'small', 'fruit', 'olive', 'lemongrass', 'blowtorch', 'pleasures', 'ketchup', 'cod', 'is', 'ham', 'possible', 'spoon', 'feta', 'nyc', 'gyozas', 'bao', 'coulis', 'whisky', 'bufala', 'red', 'chioggia', 'by', 'gouda', 'forms', 'little']"
Kani Grill,3.9,30 € ou moins,Française,[]
Au Pavillon Paris,3.7,De 31 € à 50 €,Française,[]
Pompette,4.8,De 31 € à 50 €,Française,[]
Ambia restaurant,5,30 € ou moins,Française/Indienne,[]
Le Magnifique,4.4,30 € ou moins,Française,[]
Restaurant Bachaumont,5,51 € et plus,Française,[]
Shirvan,4.4,30 € ou moins,Internationale,[]
Terminus Nord,4.2,30 € ou moins,Française,"['haddock', 'des', 'tourteau', 'belle', 'pickles', 'les', 'rouge', 'tarte', 'perche', 'personne', 'ou', 'cafe', 'sont', 'flambe', 'saucisse', 'saintjacques', 'lundi', 'porc', 'sole', 'francais', 'nantua', 'cadoret', 'fromage', 'entier', 'mangue', 'buf', 'bacon', 'uf', 'pralinettes', 'mer', 'praline', 'assiette', 'sarladaises', 'legumes', 'fraiche', 'ris', 'strasbourgeoise', 'demisel', 'tartare', 'fines', 'rhum', 'soir', 'carte', 'moutarde', 'cocotte', 'lexpress', 'servi', 'persillade', 'glacees', 'bourgogne', 'midi', 'royal', 'salade', 'et', 'mijotes', 'garniture', 'chutney', 'veau', 'fruits', 'fricassee', 'croutons', 'roche', 'noir', 'cordon', 'au', 'colonel', 'croissant', 'creme', 'claire', 'rotie', 'amande', 'muesli', 'grand', 'le', 'plateau', 'parisienne', 'fraiches', 'bio', 'lomelette', 'poivre', 'chaud', 'brie', 'marnier', 'crevettes', 'piment', 'nord', 'mois', 'framboise', 'citron', 'facon', 'cesar', 'amandes', 'chevre', 'mendiants', 'dessert', 'bordelaise', 'speciales', 'poitrine', 'sarawak', 'escargots', 'choix', 'poire', 'aux', 'dambert', 'canard', 'vanille', 'dame', 'assortiment', 'bretagne', 'dete', 'de', 'blinis', 'champagne', 'demandez', 'epinards', 'non', 'dorange', 'fouettee', 'veilles', 'raviole', 'crustaces', 'bearnaise', 'detail', 'moules', 'dauphine', 'espresso', 'echine', 'demoiselles', 'parmentier', 'crepes', 'omelette', 'choucroute', 'champignons', 'gambas', 'truffe', 'risotto', 'hors', 'env', 'disigny', 'ile', 'aop', 'blanche', 'selon', 'supreme', 'meuniere', 'micuit', 'chips', 'cookie', 'frais', 'gillardeau', 'the', 'praires', 'a', 'lentilles', 'chateaubriand', 'mesclun', 'despelette', 'exceptionnels', 'palourdes', 'croute', 'melun', 'crayon', 'mariniere', 'cochon', 'cocktails', 'maison', 'mollet', 'pistaches', 'pommes', 'parislondres', 'votre', 'vertes', 'comprise', 'massaya', 'sarrasin', 'plat', 'morilles', 'romaine', 'chaudes', 'infusion', 'caramel', 'roti', 'filet', 'weisswurst', 'langoutines', 'personnes', 'gratinee', 'soupe', 'race', 'roses', 'normande', 'chaude', 'strasbourg', 'loignon', 'pecan', 'double', 'suzette', 'bourbon', 'dores', 'dhotel', 'puree', 'poissons', 'gras', 'sale', 'lescale', 'flambees', 'voyageur', 'h', 'bar', 'en', 'entrecote', 'chocolat', 'frites', 'pave', 'angus', 'cremes', 'fourme', 'grillee', 'vodka', 'fruit', 'coquillages', 'boissons', 'verte', 'cremeux', 'saumon', 'brouilles', 'grises', 'cl', 'confiture', 'valrhona', 'baba', 'profiteroles', 'rouille', 'entree', 'terre', 'dhiver', 'vert', 'degustation', 'sauce', 'creuses', 'cacahuete', 'couteau', 'pressee', 'fish', 'g', 'la', 'decosse', 'pour', 'pistache', 'boisson', 'caramelisees', 'tatin', 'glacee', 'macaron', 'fumee', 'foie', 'langoustines', 'dhuitres', 'maitre', 'poireaux', 'tartine', 'jours', 'ufs', 'passion', 'noisette', 'servis', 'sorbets', 'sorbet', 'liegeois', 'vendredi', 'supplementaire', 'pois', 'volauvent', 'tatihou', 'cappuccino', 'label', 'fromages', 'tellicherry', 'steak', 'coupe', 'thon', 'arrivage', 'gourmand', 'terminus', 'cote', 'roties', 'saintvaast', 'saison', 'jus', 'chiches', 'homard', 'puy', 'gros', 'brulee', 'flottante', 'n', 'partir', 'canadien', 'ciboulette', 'du', 'ravioles', 'francaise', 'rotis', 'macaroni', 'bulots', 'fetes', 'betteraves', 'blanc', 'pate', 'parmesan', 'maroilles', 'chablis', 'volaille', 'noix', 'decafeine', 'fume', 'mouillettes', 'froid', 'beurre']"
L'Entente - Le British Brasserie,4.4,De 31 € à 50 €,Britannique,"['brittany', 'granola', 'sauteed', 'on', 'mint', 'snack', 'sauce', 'scotch', 'perfect', 'g', 'pickles', 'leves', 'les', 'la', 'fish', 'sanguin', 'plein', 'folle', 'fizz', 'lentente', 'cuisson', 'veggie', 'bloody', 'caramel', 'virgin', 'de', 'benedict', 'honey', 'bucks', 'flapjack', 'with', 'mushrooms', 'british', 'toast', 'do', 'champagne', 'togo', 'epinards', 'nouvelles', 'tide', 'tables', 'sautes', 'crumbled', 'saucisse', 'air', 'offsite', 'triple', 'naughty', 'pancakes', 'curly', 'beans', 'fauxfilet', 'we', 'caille', 'smoked', 'each', 'cresson', 'goats', 'mme', 'big', 'salmon', 'laslaous', 'avocat', 'mary', 'cooked', 'sauted', 'bacon', 'buf', 'cup', 'uf', 'cheese', 'ufs', 'or', 'jam', 'tomate', 'full', 'petit', 'tout', 'welsh', 'chocolate', 'mimosa', 'tous', 'champignons', 'asparagus', 'tiede', 'samedis', 'davricot', 'roast', 'prix', 'even', 'fines', 'avec', 'cress', 'gteaux', 'kir', 'pois', 'viande', 'butterscotch', 'raifort', 'miel', 'muffins', 'apricot', 'catering', 'sel', 'quail', 'chips', 'scottish', 'et', 'dimanches', 'and', 'salade', 'blood', 'loch', 'warm', 'steak', 'fyne', 'issues', 'grec', 'chutney', 'elderflower', 'menthe', 'yaourt', 'eggs', 'the', 'slice', 'gourmand', 'tomato', 'kale', 'cordial', 'hh', 'noir', 'shortbread', 'oatcakes', 'chou', 'h', 'cake', 'au', 'celery', 'fried', 'bar', 'potatoes', 'en', 'un', 'halfadozen', 'pochs', 'spinach', 'homemade', 'brouills', 'sausage', 'baked', 'a', 'chocolat', 'watercress', 'morceaux', 'liquor', 'frites', 'claires', 'montagne', 'lemon', 'salt', 'avocado', 'notre', 'partir', 'yoghurt', 'horseradish', 'caf', 'pimms', 'of', 'quince', 'chvre', 'egg', 'bio', 'orange', 'x', 'fait', 'du', 'est', 'freshlysqueezed', 'fresh', 'brownie', 'salad', 'sable', 'ketchup', 'pea', 'maison', 'royale', 'fum', 'facebook', 'fizzy', 'poules', 'privatisations', 'triplecooked', 'cressonnette', 'cazottes', 'juice', 'bollinger', 'morning', 'saumon', 'heureuse', 'scrambled', 'greek', 'pdt', 'piccalilli', 'cl', 'confiture', 'vertes', 'garden', 'asperges', 'rarebit', 'biscuit', 'no', 'sunday', 'nos', 'oysters', 'cleri', 'poached', 'plat']"
Bolo Bolo,4.6,30 € ou moins,Asiatique,"['hongshao', 'sel', 'bolobao', 'sauce', 'poivre', 'si', 'fun', 'mapo', 'riz', 'milk', 'ice', 'fish', 'beef', 'crevettes', 'charsiu', 'gow', 'canard', 'garlic', 'spicy', 'siu', 'coffee', 'seven', 'noir', 'veggie', 'classic', 'ananas', 'ball', 'au', 'pork', 'fried', 'french', 'soup', 'noodle', 'chowfun', 'toast', 'do', 'sanbei', 'rice', 'mixed', 'laqu', 'har', 'goifan', 'chicken', 'haa', 'aubergines', 'tofu', 'hong', 'black', 'porc', 'kong', 'cheung', 'up', 'mai', 'lemon', 'tart', 'shrimp', 'boeuf', 'lava', 'ribs', 'egg', 'salted', 'youlin', 'curry', 'tea', 'wonton', 'poulet', 'bean']"
Brasserie La Lorraine,4.2,De 31 € à 50 €,Française,"['celeri', 'sudouest', 'haddock', 'tourteau', 'belle', 'remoulade', 'les', 'rouge', 'tarte', 'ou', 'cafe', 'riso', 'huitres', 'poelee', 'saintjacques', 'saucisse', 'lundi', 'porc', 'sole', 'commander', 'francais', 'grosses', 'lorange', 'cadoret', 'entier', 'epice', 'mangue', 'buf', 'uf', 'portion', 'mareyeurs', 'mer', 'astara', 'caviar', 'legumes', 'gingembre', 'fraiche', 'demisel', 'tartare', 'fines', 'rhum', 'emulsion', 'cocotte', 'pleurotes', 'glaces', 'servi', 'cassis', 'madagascar', 'persillade', 'glacees', 'bourgogne', 'ravigote', 'butternut', 'midi', 'royal', 'artisanaux', 'salade', 'et', 'huitre', 'lorraine', 'riz', 'mascarpone', 'chutney', 'fricassee', 'veau', 'croutons', 'roche', 'cabillaud', 'cordon', 'dune', 'au', 'creme', 'claire', 'smith', 'duf', 'agrumes', 'grand', 'le', 'confite', 'bio', 'lecailler', 'poivre', 'chaud', 'brie', 'marnier', 'crevettes', 'sable', 'grille', 'framboise', 'citron', 'facon', 'soirs', 'amandes', 'carpaccio', 'langoustine', 'mini', 'repas', 'speciales', 'poitrine', 'sarawak', 'escargots', 'choix', 'dupuch', 'poire', 'feves', 'aux', 'confites', 'canard', 'vanille', 'assortiment', 'bretagne', 'granny', 'dete', 'desserts', 'de', 'blinis', 'parfums', 'demandez', 'accompagnes', 'courge', 'non', 'fouettee', 'raviole', 'chorizo', 'crustaces', 'bearnaise', 'moules', 'espresso', 'echine', 'dherbes', 'crepes', 'ananas', 'choucroute', 'gambas', 'champignons', 'bourguignonne', 'truffe', 'risotto', 'hors', 'env', 'disigny', 'ile', 'safrane', 'selon', 'aop', 'meuniere', 'langouste', 'supreme', 'micuit', 'tradition', 'chips', 'exotique', 'gillardeau', 'lobster', 'breton', 'the', 'tuile', 'balsamique', 'a', 'chateaubriand', 'veille', 'fondantes', 'palourdes', 'croute', 'jour', 'mariniere', 'maison', 'royale', 'mollet', 'zestes', 'pommes', 'grandmere', 'piece', 'votre', 'jura', 'dans', 'paris', 'nos', 'massaya', 'clam', 'limperatrice', 'mareyeur', 'menu', 'coco', 'caramel', 'roti', 'filet', 'pain', 'oursin', 'corse', 'bouillon', 'soupe', 'lassiette', 'graines', 'race', 'mimosa', 'tous', 'roses', 'letoile', 'parisbrest', 'anglaise', 'normande', 'tonka', 'iberique', 'noisettes', 'knack', 'nangis', 'crumble', 'bourbon', 'jarret', 'marine', 'cumin', 'cuits', 'dores', 'mayonnaise', 'dhotel', 'puree', 'charentemaritime', 'poissons', 'gras', 'sale', 'flambees', 'plancha', 'amiral', 'h', 'bar', 'en', 'debut', 'cur', 'cap', 'pochee', 'chocolat', 'frites', 'pave', 'dimanche', 'cremes', 'couteaux', 'vignots', 'kys', 'grillee', 'croustillante', 'coquillages', 'fruit', 'boissons', 'verte', 'cremeux', 'baeri', 'saumon', 'mouillette', 'nordique', 'coulis', 'coques', 'profiteroles', 'baba', 'entrees', 'rouille', 'bleu', 'moyennes', 'par', 'terre', 'six', 'dhiver', 'coriandre', 'vert', 'sauce', 'creuses', 'dorade', 'fish', 'g', 'la', 'pieces', 'decosse', 'pour', 'caramelisees', 'feries', 'grenade', 'ancelin', 'fumee', 'foie', 'langoustines', 'maitre', 'normandie', 'poireaux', 'jours', 'ufs', 'passion', 'deux', 'comprises', 'sorbets', 'sorbet', 'yuzu', 'grenaille', 'peche', 'souffle', 'tatihou', 'lait', 'cru', 'label', 'merlu', 'coupe', 'arrivage', 'gourmand', 'vin', 'poids', 'plats', 'roties', 'un', 'saison', 'saintvaast', 'jus', 'homard', 'gros', 'meringue', 'maquereau', 'tarama', 'praire', 'brulee', 'flottante', 'n', 'canadien', 'composition', 'du', 'fermiere', 'ceviche', 'francaise', 'rotis', 'rognons', 'bulots', 'prestige', 'samedi', 'blanc', 'romarin', 'pomme', 'parmesan', 'ferret', 'chablis', 'beluga', 'volaille', 'noix', 'decafeine', 'froid', 'fume', 'joel', 'beurre']"
Le Coq & Fils – Chef Antoine Westermann (anciennement Le Coq Rico),4.6,De 31 € à 50 €,Française contemporaine,"['pheasant', 'sauteed', 'on', 'seasoning', 'purple', 'elegant', 'chef', 'des', 'made', 'chics', 'sauce', 'herbs', 'pickles', 'goat', 'seeds', 'breed', 'although', 'ma', 'crispy', 'pieces', 'to', 'de', 'honey', 'braised', 'their', 'with', 'mushrooms', 'vegetable', 'quarter', 'candied', 'bresse', 'fowl', 'nutmeg', 'pepper', 'drizzled', 'firm', 'fricasse', 'dip', 'tasty', 'touch', 'espelette', 'terrine', 'vegetarian', 'choice', 'parsley', 'very', 'rennes', 'days', 'tartine', 'cromesquis', 'ground', 'must', 'dark', 'cooked', 'cheese', 'cream', 'garlic', 'gauloise', 'or', 'its', 'full', 'pr', 'then', 'dishes', 'schniederspaetle', 'region', 'juicy', 'close', 'squab', 'like', 'antoine', 'leek', 'broth', 'lightly', 'giblets', 'chicken', 'house', 'in', 'fries', 'spices', 'mild', 'seasonal', 'green', 'vinegar', 'crumble', 'delicate', 'empanadas', 'gers', 'but', 'nu', 'deviled', 'quail', 'mayonnaise', 'your', 'and', 'tender', 'try', 'skewers', 'shallots', 'signature', 'fricassee', 'confit', 'aromatic', 'croutons', 'shalots', 'eggs', 'meat', 'onions', 'hummus', 'fried', 'potatoes', 'cottage', 'organic', 'chives', 'person', 'jus', 'caramelized', 'a', 'taste', 'vinaigrette', 'sherry', 'included', 'grand', 'black', 'aoc', 'sour', 'lemon', 'skin', 'sides', 'horseradish', 'marinated', 'nigel', 'four', 'of', 'egg', 'liver', 'flavor', 'oil', 'stuffed', 'fresh', 'olive', 'cranberries', 'salad', 'vignes', 'westermanns', 'coucou', 'artichokes', 'vegetables', 'sesame', 'french', 'pure', 'kg', 'parmesan', 'reduction', 'pearl', 'options', 'chervil', 'wildness', 'mac', 'veggies', 'garnished', 'first', 'bourgueil', 'guinea', 'chicup', 'roasted', 'hollandaise', 'grise', 'cou', 'duxelle', 'so', 'poultry', 'cow']"
Exces,3.9,30 € ou moins,Bar à Vin,[]
Les Fous de l’Île,,De 31 € à 50 €,Française,"['ginger', 'finger', 'domicaine', 'cacao', 'salade', 'et', 'champpignons', 'grapefruit', 'and', 'beetroots', 'betterave', 'style', 'salad', 'salicorne', 'la', 'gras', 'fermier', 'veau', 'fondant', 'cream', 'dherbes', 'vin', 'scallops', 'farm', 'folles', 'jaune', 'au', 'samphire', 'chocolate', 'de', 'bar', 'with', 'crme', 'mushrooms', 'carpaccio', 'bergs', 'gingembre', 'citronella', 'pink', 'gel', 'pamplemousse', 'dominican', 'veal', 'citronnelle', 'berg', 'chocolat', 'saintjacques', 'colbert', 'cte', 'rpublique', 'rose', 'republic', 'wild', 'foie', 'weeds', 'nicolas', 'seabass', 'chop']"
CITRUS,4.5,De 31 € à 50 €,Méditerranée,[]
New Dehli Indien,4.3,30 € ou moins,Indienne,[]
Nectar,4,51 € et plus,Française,"['accompanied', 'offer', 'around', 'on', 'this', 'nonalcoholic', 'and', 'two', 'table', 'contains', 'tasting', 'the', 'menus', 'menu', 'alcool', 'food', 'based', 'designed', 'served', 'alcoholic', 'apis', 'with', 'beverage', 'pairing', 'pollen', 'accord', 'which', 'be', 'both', 'beverages', 'major', 'in', 'no', 'avec', 'courses', 'acts', 'by', 'sans', 'can', 'products', 'we', 'pairings', 'for', 'entire']"
Mersea Beaupassage,4.1,30 € ou moins,Poisson,[]
Yacatan Paris,1.5,51 € et plus,Mexicaine,[]
Villa Yora,3.8,30 € ou moins,Péruvienne,[]
La Bauhinia,4.3,51 € et plus,Française,"['fermented', 'chateau', 'on', 'droules', 'des', 'hint', 'pickles', 'les', 'cteaux', 'rouge', 'trs', 'tarte', 'amre', 'rafrachissant', 'personne', 'hairs', 'ou', 'ros', 'bright', 'fleurs', 'combines', 'quality', 'se', 'showy', 'gold', 'gustative', 'sallie', 'rhubarbe', 'choice', 'il', 'dlices', 'odeur', 'for', 'lorchide', 'tie', 'raisin', 'flowers', 'sprite', 'ceylan', 'crmeuse', 'an', 'cup', 'margaux', 'ponsardin', 'suprme', 'assiette', 'caviar', 'csar', 'rhubarb', 'beverage', 'uniquement', 'sucr', 'flavors', 'riche', 'reddishorange', 'dlicieuse', 'clatant', 'lettuce', 'in', 'carte', 'dlicate', 'muscat', 'servi', 'fois', 'your', 'salade', 'et', 'and', 'selection', 'charcuteries', 'prawns', 'got', 'saint', 'promesse', 'rooibos', 'fruits', 'fullbodied', 'sum', 'delightful', 'terreux', 'chateldon', 'dune', 'noir', 'naturels', 'au', 'aftertaste', 'person', 'natural', 'unique', 'fragrance', 'both', 'astonishing', 'duband', 'buds', 'soft', 'malt', 'after', 'roches', 'lgumes', 'yin', 'le', 'tannin', 'muscatel', 'fruity', 'horseradish', 'bio', 'ideal', 'orange', 'liqueur', 'slightly', 'laprsrepas', 'poivre', 'cold', 'chaud', 'bandol', 'tastes', 'salad', 'crevettes', 'mellow', 'pleasures', 'sud', 'framboise', 'rich', 'mise', 'from', 'fini', 'plate', 'zro', 'clans', 'mixed', 'jl', 'abeilles', 'sundays', 'piquant', 'breakfast', 'oriental', 'traditionnal', 'cors', 'finish', 'soleil', 'bernardins', 'poultry', 'badoit', 'this', 'traditionnelle', 'yellowish', 'hints', 'choix', 'poire', 'aux', 'gong', 'rougeorange', 'parisien', 'jasmin', 'assortiment', 'tatsunis', 'sweet', 'to', 'de', 'blinis', 'earl', 'finishes', 'touche', 'champagne', 'orchid', 'vegetable', 'pungent', 'pamplemousse', 'tempier', 'saturdays', 'smell', 'taiwan', 'lger', 'montredon', 'heavily', 'touch', 'lanka', 'tart', 'provence', 'armes', 'dim', 'meursault', 'very', 'guan', 'grey', 'saisons', 'anchovy', 'velvety', 'apaisante', 'oxyd', 'espresso', 'renewed', 'distincts', 'amricain', 'sa', 'dlicat', 'termine', 'full', 'exprience', 'english', 'dore', 'apaisant', 'citronn', 'sweettasting', 'bergamot', 'latte', 'malty', 'magnum', 'doux', 'offre', 'spices', 'lgers', 'lancienne', 'pape', 'grape', 'supreme', 'floral', 'they', 'croatie', 'arme', 'the', 'pear', 'club', 'narvaux', 'verveine', 'duvet', 'jauntre', 'finement', 'dumplings', 'daix', 'a', 'taste', 'forte', 'ctes', 'liquor', 'leaves', 'mesclun', 'masala', 'sucre', 'idale', 'of', 'naturel', 'slection', 'veuve', 'expresso', 'douceur', 'velout', 'ce', 'ballot', 'colombo', 'camomille', 'bourgeons', 'dun', 'is', 'childhood', 'platter', 'darnaud', 'chamomile', 'pommes', 'fortement', 'larriregot', 'san', 'apple', 'chateauneuf', 'beauty', 'note', 'fx', 'loire', 'rouges', 'soupon', 'votre', 'sparkle', 'accompagne', 'dans', 'meals', 'france', 'caesar', 'red', 'white', 'coupes', 'puer', 'mlang', 'mint', 'romaine', 'unfurled', 'grapefruit', 'finest', 'saumurchampigny', 'accompagn', 'pices', 'it', 'affins', 'sri', 'ferment', 'renouvele', 'every', 'bordeaux', 'infusion', 'clicquot', 'with', 'nuits', 'flan', 'hermitage', 'nutty', 'saveur', 'have', 'sweetness', 'lemony', 'complices', 'pice', 'tea', 'oldfashioned', 'douce', 'tanin', 'fraises', 'personnes', 'aromas', 'rput', 'fondu', 'veloute', 'two', 'cheese', 'special', 'spicy', 'delights', 'its', 'lclat', 'tomate', 'served', 'chocolate', 'disponible', 'one', 'parisbrest', 'tonka', 'traditionnel', 'strawberry', 'chaude', 'chicken', 'has', 'noisettes', 'afrique', 'domaine', 'cacahute', 'mei', 'perrier', 'double', 'delicate', 'tonnante', 'anchois', 'flavour', 'promise', 'millot', 'scottish', 'saintaix', 'barc', 'parisian', 'menthe', 'emmanuel', 'coriander', 'rhne', 'tomato', 'brew', 'sandwich', 'h', 'en', 'verbena', 'desclans', 'notes', 'schs', 'chocolat', 'venise', 'spcial', 'frites', 'offers', 'dimanche', 'pastry', 'light', 'experience', 'rock', 'feuilles', 'darjeeling', 'th', 'sweets', 'raspberry', 'yet', 'vgtariens', 'chopped', 'gr', 'aged', 'crozes', 'georges', 'sun', 'assez', 'beaumes', 'saumon', 'aroma', 'qui', 'twinge', 'mais', 'brillante', 'sancerre', 'comme', 'people', 'lenfance', 'coriandre', 'ptisserie', 'sauce', 'evian', 'g', 'american', 'la', 'dominant', 'offrent', 'peanut', 'chai', 'decosse', 'pour', 'dried', 'refreshing', 'boisson', 'arriregot', 'haute', 'lgre', 'season', 'hot', 'clestes', 'vegetarian', 'berries', 'smoked', 'offer', 'elles', 'salmon', 'sweety', 'biluo', 'orangina', 'lapsang', 'distinct', 'cocacola', 'noisette', 'deux', 'bergamote', 'angel', 'couleur', 'pellegrino', 'fries', 'avec', 'chaleureux', 'vif', 'smokiness', 'pavlova', 'pickels', 'raifort', 'onctueux', 'chine', 'high', 'cappuccino', 'une', 'fromages', 'warm', 'pm', 'bodied', 'coffee', 'linfusion', 'bouche', 'finely', 'earthy', 'creamy', 'un', 'colour', 'cuts', 'parfum', 'available', 'qualit', 'meilleures', 'golden', 'tasse', 'caf', 'brisk', 'flavor', 'refreshingly', 'florale', 'du', 'est', 'souchong', 'plaisirs', 'vieilli', 'give', 'brut', 'ont', 'oxidised', 'finale', 'mature', 'sucrs', 'fum', 'samedi', 'blended', 'renowned', 'french', 'blanc', 'that', 'pomme', 'bollinger', 'strong', 'son', 'volaille', 'soothing', 'smooth', 'inde', 'vacheron', 'peppermint']"
BON,4.2,De 31 € à 50 €,Fusion/Éclectique,[]
Le Trésor De Kashmir,,30 € ou moins,Indienne,[]
L'Orange Verte,1,30 € ou moins,Française,"['cantal', 'vert', 'sudouest', 'garnie', 'choix', 'pices', 'aux', 'la', 'canard', 'confits', 'ou', 'de', 'rti', 'pistache', 'dorange', 'pice', 'lorange', 'fromage', 'betterave', 'boucher', 'boules', 'uf', 'graines', 'entre', 'ssame', 'pav', 'croquants', 'truffe', 'tiramisu', 'sorbet', 'aneth', 'carte', 'cocotte', 'crumble', 'miel', 'cpes', 'et', 'exotique', 'coupe', 'chemise', 'gourmand', 'cabillaud', 'lail', 'au', 'dos', 'vgtariennes', 'en', 'glace', 'croustillant', 'jus', 'oignons', 'carr', 'parfum', 'chocolat', 'magret', 'makis', 'grand', 'lgumes', 'plateau', 'caf', 'four', 'chvre', 'du', 'poivre', 'marnier', 'ravioles', 'verte', 'citron', 'sphre', 'tagliatelles', 'trompettes', 'pommes', 'souffl', 'crme', 'romarin', 'parmesan', 'saumon', 'quatre', 'dagneau', 'dessert', 'volaille', 'gravlax', 'pistou', 'brle', 'fume', 'truite', 'beurre', 'plat']"
6six,1,De 31 € à 50 €,Vietnamienne,"['jb', 'des', 'brouilly', 'soyeux', 'ice', 'belle', 'les', 'rouge', 'trs', 'plein', 'ville', 'pleine', 'ou', 'ros', 'fracheur', 'rac', 'rosso', 'lectric', 'diablo', 'gold', 'quartier', 'vittel', 'ctertie', 'dne', 'viennois', 'vietnamien', 'margaux', 'tsing', 'girardin', 'vieilles', 'gingembre', 'louis', 'clairires', 'cardhu', 'suze', 'clatant', 'rhum', 'lilas', 'mre', 'granires', 'cassis', 'bourgogne', 'vietnamienne', 'long', 'royal', 'et', 'dentelle', 'sur', 'spumante', 'vgtales', 'fruits', 'castello', 'ptit', 'saigon', 'vosneromane', 'johnnie', 'gayanne', 'noir', 'dune', 'baron', 'au', 'chivas', 'feuillatte', 'minrale', 'gevreychambertin', 'mres', 'duf', 'myrtille', 'griotte', 'agrumes', 'japon', 'moi', 'grand', 'malt', 'saintnicolas', 'sour', 'le', 'single', 'poires', 'nicolas', 'gourmands', 'bio', 'chardonnay', 'aprol', 'reinette', 'orange', 'baileys', 'liqueur', 'hautes', 'complexit', 'arien', 'marnier', 'croquant', 'bois', 'vignes', 'nerthe', 'richarddca', 'framboise', 'citron', 'veloutes', 'luze', 'tquila', 'jack', 'bourgueil', 'cte', 'wood', 'mr', 'schweppes', 'aromatique', 'caressant', 'soda', 'brioch', 'curaao', 'menetousalon', 'magnien', 'poire', 'bulle', 'fleur', 'vanille', 'cerise', 'crozeshermitage', 'ma', 'mrs', 'de', 'glac', 'touche', 'champagne', 'pamplemousse', 'lger', 'provence', 'dorange', 'bien', 'moscow', 'pche', 'nez', 'chlonnaise', 'amricain', 'dpices', 'dlicat', 'exclusive', 'vie', 'philippe', 'ananas', 'gazeuse', 'velvet', 'lipton', 'cerises', 'lancienne', 'nikka', 'nep', 'blanche', 'pape', 'docg', 'di', 'grill', 'tao', 'millebuis', 'frais', 'mon', 'automne', 'saintemilion', 'patron', 'noyau', 'let', 'tenuta', 'jaune', 'miclo', 'daniels', 'tha', 'mule', 'enrobs', 'campari', 'regal', 'ctes', 'amricano', 'aoc', 'cornu', 'intgr', 'tranche', 'ginger', 'expresso', 'latour', 'get', 'velout', 'mojito', 'dorgeat', 'inspiration', 'gnreuse', 'groseille', 'maison', 'chassagnemontrachet', 'zestes', 'san', 'pure', 'texture', 'gin', 'satin', 'calvados', 'red', 'vincent', 'sans', 'anjou', 'maraschino', 'printemps', 'thalandaise', 'martini', 'sec', 'hennessy', 'pre', 'bordeaux', 'alcool', 'cisels', 'infusion', 'chenin', 'murs', 'nuits', 'pain', 'tonic', 'singha', 'triple', 'aniss', 'processo', 'pice', 'tea', 'zero', 'fraises', 'cassonade', 'tomate', 'tour', 'tout', 'fine', 'irish', 'race', 'porto', 'tequila', 'arienne', 'prosecco', 'roses', 'frdric', 'domaine', 'japonnaise', 'perrier', 'bourbon', 'hyper', 'joli', 'eau', 'da', 'dalcool', 'brun', 'gras', 'menthe', 'agneau', 'referts', 'rhne', 'rserve', 'lgance', 'sousbois', 'en', 'asahi', 'notes', 'chocolat', 'black', 'carafe', 'amaretto', 'paveil', 'violette', 'th', 'er', 'vodka', 'gaillard', 'fruit', 'doc', 'fond', 'fondus', 'classic', 'sirop', 'volume', 'crme', 'silex', 'whisky', 'cl', 'mais', 'sua', 'doranges', 'comme', 'six', 'structur', 'vert', 'pierre', 'scotch', 'wal', 'cognac', 'la', 'virgin', 'chteauneuf', 'honey', 'rmy', 'pouilly', 'lgant', 't', 'spritz', 'days', 'harmonieux', 'deutz', 'orangina', 'passion', 'corcelles', 'cocacola', 'noisette', 'saintemarguerite', 'bourgeois', 'pellegrino', 'armagnac', 'tanins', 'avec', 'bourguignon', 'vif', 'kir', 'pois', 'raffine', 'levque', 'bianco', 'cappuccino', 'cru', 'class', 'une', 'label', 'beer', 'ponctu', 'silver', 'tequilla', 'dionet', 'ple', 'vin', 'coffee', 'soyeuse', 'souple', 'martin', 'bouche', 'ron', 'chianti', 'un', 'jus', 'dacacia', 'perle', 'cabolan', 'rothschild', 'cranberry', 'superbe', 'ballantines', 'chinoise', 'caf', 'four', 'dagrumes', 'bellerose', 'apritis', 'ch', 'rond', 'du', 'brut', 'chteau', 'garrigue', 'poitout', 'grants', 'fum', 'french', 'blanc', 'albola', 'pomme', 'frache', 'citronnes', 'el', 'chablis', 'classico', 'c', 'grs', 'pulignymontrachet', 'whiskyblended']"
Paillettes,3.9,De 31 € à 50 €,Méditerranée,"['samoura', 'lagrange', 'merlot', 'especial', 'vert', 'jb', 'etatsunis', 'brsil', 'diamant', 'des', 'martini', 'saintjoseph', 'sec', 'evian', 'woodford', 'joao', 'scotch', 'marocaine', 'cachaa', 'rouge', 'les', 'la', 'presss', 'champigny', 'mditerrane', 'tarte', 'cognac', 'glantier', 'vanille', 'seagram', 'carme', 'bordeaux', 'my', 'bloody', 'crozeshermitage', 'infusion', 'chaudes', 'ros', 'mala', 'gascogne', 'miraval', 'vsop', 'day', 'de', 'chteauneuf', 'henri', 'dhibiscus', 'viognier', 'caillets', 'dtox', 'sont', 'grandmarnier', 'limonade', 'sapphire', 'champagne', 'gentiane', 'pamplemousse', 'nectar', 'mezcal', 'pain', 'accompagnes', 'boisson', 'suprieur', 'pouilly', 'real', 'benriach', 'tonic', 'athltes', 'boukha', 'provence', 'e', 'triple', 'dpice', 'allong', 'abricotine', 'limbourg', 'nature', 'chaumes', 'chinon', 'champs', 'camino', 'pisco', 'calle', 'ctertie', 'fiefs', 'grey', 'fumes', 'spritz', 'ay', 'days', 'sinards', 'ceylan', 'venezuela', 'lcombier', 'havana', 'salmon', 'germain', 'bulleit', 'saumur', 'mary', 'pessaclognan', 'pche', 'dolin', 'herbes', 'dartigalongue', 'deutz', 'minuty', 'tomate', 'limoncello', 'ecosse', 'cocacola', 'vie', 'goose', 'lavande', 'magnifica', 'pinot', 'porto', 'tequila', 'vritable', 'sencha', 'convite', 'armagnac', 'lorina', 'macon', 'amethistes', 'rhum', 'pierres', 'dananas', 'bouteilles', 'carupano', 'cha', 'avec', 'morgon', 'bourgoin', 'perrier', 'double', 'billecart', 'xviii', 'cibelle', 'mandatario', 'bourbon', 'nikka', 'lavander', 'bardouin', 'servi', 'pape', 'praa', 'prune', 'citadelle', 'eau', 'mexique', 'et', 'cru', 'exotique', 'villages', 'beer', 'saintjulien', 'secret', 'saint', 'coca', 'amthystes', 'coupe', 'verseau', 'menthe', 'guignier', 'vin', 'chateldon', 'noir', 'verveine', 'dune', 'pastis', 'vnezuela', 'condrieu', 'paillettes', 'dsert', 'daniels', 'maria', 'glace', 'un', 'jus', 'igp', 'duf', 'campari', 'japon', 'agrumes', 'negroni', 'chocolat', 'mulsion', 'alexandrins', 'zenat', 'ctes', 'cranberry', 'amricano', 'canada', 'soft', 'germine', 'cosmo', 'sour', 'le', 'michel', 'blancs', 'berto', 'amaretto', 'aromatiques', 'diplomatico', 'pays', 'collet', 'vermouth', 'bio', 'expresso', 'th', 'ginger', 'get', 'orange', 'er', 'raspberry', 'du', 'baileys', 'bitter', 'vodka', 'mojito', 'chaud', 'vouvray', 'cabanon', 'lautre', 'whiskey', 'doc', 'cointreau', 'canon', 'capirinha', 'brut', 'verte', 'chteau', 'framboise', 'citron', 'maison', 'blended', 'fum', 'merlet', 'sirop', 'french', 'blanc', 'tquila', 'jack', 'demainson', 'charmeuses', 'genepy', 'pomme', 'coperies', 'zro', 'fx', 'mirmanda', 'wasabi', 'whisky', 'hibiscus', 'gin', 'm', 'france', 'votre', 'convenance', 'funny', 'goyave', 'basilic', 'toutes', 'dcafin', 'life', 'classique', 'belvedere', 'plo', 'prou', 'nuage', 'vincent', 'by', 'luc', 'studio', 'nos', 'poirecassis', 'little', 'bombay', 'manhattan', 'dhiver', 'cuba']"
Maison Milie,4.8,30 € ou moins,Européenne,[]
Le Théo,,30 € ou moins,Européenne,[]
Les Bascules,,De 31 € à 50 €,Méditerranée,[]
Les Filaos,5,De 31 € à 50 €,Mauricienne,[]
Beach Paris,1,De 31 € à 50 €,Française,[]
S69 francoviet,,30 € ou moins,Vietnamienne,[]
LE CERCLE - RESTAURANT / BRASSERIE,,30 € ou moins,Française - Traditionnelle,[]
Le Théo,,30 € ou moins,Européenne,[]
Les Bascules,,De 31 € à 50 €,Méditerranée,[]
Les Filaos,5,De 31 € à 50 €,Mauricienne,[]
Beach Paris,1,De 31 € à 50 €,Française,[]
S69 francoviet,,30 € ou moins,Vietnamienne,[]
LE CERCLE - RESTAURANT / BRASSERIE,,30 € ou moins,Française - Traditionnelle,[]
Le Théo,,30 € ou moins,Européenne,[]
Les Bascules,,De 31 € à 50 €,Méditerranée,[]
Les Filaos,5,De 31 € à 50 €,Mauricienne,[]
Beach Paris,1,De 31 € à 50 €,Française,[]
S69 francoviet,,30 € ou moins,Vietnamienne,[]
LE CERCLE - RESTAURANT / BRASSERIE,,30 € ou moins,Française - Traditionnelle,[]
Le Théo,,30 € ou moins,Européenne,[]
Les Bascules,,De 31 € à 50 €,Méditerranée,[]
Les Filaos,5,De 31 € à 50 €,Mauricienne,[]
Beach Paris,1,De 31 € à 50 €,Française,[]
S69 francoviet,,30 € ou moins,Vietnamienne,[]
LE CERCLE - RESTAURANT / BRASSERIE,,30 € ou moins,Française - Traditionnelle,[]
Le Théo,,30 € ou moins,Européenne,[]
Les Bascules,,De 31 € à 50 €,Méditerranée,[]
Les Filaos,5,De 31 € à 50 €,Mauricienne,[]
Beach Paris,1,De 31 € à 50 €,Française,[]
S69 francoviet,,30 € ou moins,Vietnamienne,[]
LE CERCLE - RESTAURANT / BRASSERIE,,30 € ou moins,Française - Traditionnelle,[]
Le Théo,,30 € ou moins,Européenne,[]
Les Bascules,,De 31 € à 50 €,Méditerranée,[]
Les Filaos,5,De 31 € à 50 €,Mauricienne,[]
Beach Paris,1,De 31 € à 50 €,Française,[]
S69 francoviet,,30 € ou moins,Vietnamienne,[]
LE CERCLE - RESTAURANT / BRASSERIE,,30 € ou moins,Française - Traditionnelle,[]
Le Théo,,30 € ou moins,Européenne,[]
Les Bascules,,De 31 € à 50 €,Méditerranée,[]
Les Filaos,5,De 31 € à 50 €,Mauricienne,[]
Beach Paris,1,De 31 € à 50 €,Française,[]
S69 francoviet,,30 € ou moins,Vietnamienne,[]
LE CERCLE - RESTAURANT / BRASSERIE,,30 € ou moins,Française - Traditionnelle,[]
Le Théo,,30 € ou moins,Européenne,[]
Les Bascules,,De 31 € à 50 €,Méditerranée,[]
Les Filaos,5,De 31 € à 50 €,Mauricienne,[]
Beach Paris,1,De 31 € à 50 €,Française,[]
S69 francoviet,,30 € ou moins,Vietnamienne,[]
LE CERCLE - RESTAURANT / BRASSERIE,,30 € ou moins,Française - Traditionnelle,[]
